class_date,user_uuid,category,trainer_id,language,level,challenge_id,country,subscription_date,platform,class_id,stars
5-10-2023,195,statistics,110,en,basic,2,uk,9-12-2022,tv,6171,1
2-12-2022,63,statistics,114,en,basic,0,uk,27-2-2020,mobile,6159,3
22-7-2023,32,data_science,118,it,advanced,3,it,7-3-2022,pc,3363,3
20-5-2021,67,statistics,114,fr,basic,1,fr,1-10-2020,tv,6175,2
18-8-2023,97,data_science,109,it,basic,1,it,21-5-2021,mobile,3179,2
16-6-2021,69,statistics,113,en,advanced,0,uk,23-8-2020,tv,6314,4
15-3-2023,85,full_stack,122,fr,advanced,3,fr,28-3-2020,pc,6366,2
5-5-2022,48,statistics,120,it,basic,3,it,21-10-2020,mobile,6151,4
13-7-2023,43,statistics,106,en,advanced,0,uk,14-9-2022,mobile,6385,2
19-1-2023,54,UX,114,en,basic,0,uk,2-5-2022,tv,119,4
1-2-2023,133,full_stack,114,en,basic,3,uk,19-7-2022,mobile,6182,4
28-1-2023,108,data_analysis,107,it,advanced,3,it,8-12-2021,tv,239,3
12-7-2022,89,UX,106,it,advanced,3,it,2-1-2020,pc,1398,1
9-6-2022,233,UX,105,en,intermediate,0,uk,11-6-2021,mobile,1299,4
28-5-2022,40,statistics,114,it,intermediate,0,it,8-9-2021,pc,6261,1
15-1-2022,44,UX,104,it,basic,1,it,9-12-2020,pc,1155,2
23-7-2023,187,SEO,115,it,basic,2,it,3-5-2020,tv,6152,4
24-12-2023,215,data_science,114,fr,advanced,1,fr,5-5-2022,pc,3324,1
13-12-2023,51,statistics,116,it,basic,0,it,9-7-2022,pc,6135,1
19-8-2021,65,UX,121,fr,intermediate,0,fr,4-5-2020,tv,1270,3
10-8-2023,150,full_stack,105,en,advanced,2,uk,1-4-2021,tv,6357,3
1-5-2022,242,data_analysis,115,it,advanced,3,it,6-10-2021,tv,2314,2
12-12-2022,78,statistics,111,en,basic,2,uk,24-2-2021,pc,614,5
20-7-2023,116,UX,103,en,basic,3,uk,9-10-2021,pc,1176,3
28-6-2023,68,data_analysis,106,en,advanced,1,uk,14-12-2020,pc,2383,5
24-3-2023,125,data_science,118,en,basic,0,uk,17-4-2021,tv,3150,3
23-9-2023,86,full_stack,105,it,basic,0,it,14-11-2022,tv,6121,4
22-8-2023,27,full_stack,120,it,advanced,0,it,12-1-2021,tv,6329,1
13-1-2023,167,statistics,103,en,advanced,2,uk,27-9-2022,tv,6371,3
17-11-2022,169,data_analysis,117,it,basic,3,it,16-6-2021,tv,2166,5
18-12-2023,6,statistics,119,fr,basic,2,fr,14-9-2020,tv,6171,5
13-4-2023,28,data_analysis,111,it,advanced,3,it,1-6-2022,tv,2379,5
24-1-2022,153,statistics,106,it,advanced,0,it,14-6-2020,pc,6391,2
16-12-2022,182,data_science,114,it,basic,0,it,14-3-2020,tv,3194,3
2-5-2022,244,statistics,110,it,intermediate,1,it,25-5-2021,pc,6226,1
3-6-2023,132,statistics,117,it,basic,1,it,25-7-2022,mobile,6162,1
21-1-2022,233,statistics,111,it,advanced,2,it,11-6-2021,mobile,6365,3
21-10-2023,213,data_analysis,111,fr,advanced,3,fr,24-9-2021,mobile,2376,3
9-11-2023,44,data_science,100,fr,advanced,1,fr,9-12-2020,pc,3397,3
1-2-2023,90,data_analysis,108,en,basic,2,uk,13-3-2022,tv,2172,5
16-5-2022,205,statistics,120,it,advanced,1,it,22-1-2021,pc,6341,1
16-7-2023,54,statistics,112,fr,intermediate,2,fr,2-5-2022,tv,6223,1
4-2-2023,198,copywriting,105,fr,basic,3,fr,4-7-2021,pc,5169,3
2-10-2023,158,statistics,105,it,intermediate,0,it,18-3-2020,pc,6267,5
4-2-2023,211,statistics,110,en,intermediate,3,uk,17-10-2021,mobile,6234,5
25-9-2023,177,full_stack,115,en,advanced,0,uk,17-3-2022,pc,637,1
4-7-2022,19,full_stack,116,it,intermediate,3,it,12-4-2020,pc,6216,5
3-10-2023,105,statistics,110,en,advanced,3,uk,25-1-2022,mobile,6326,3
10-6-2023,184,data_analysis,110,it,basic,1,it,11-8-2022,pc,2156,2
8-12-2023,3,data_analysis,114,it,advanced,2,it,22-7-2020,tv,2360,3
1-9-2021,121,full_stack,110,it,basic,3,it,3-11-2020,pc,6178,3
6-9-2023,56,data_analysis,116,it,advanced,1,it,28-9-2020,pc,2342,2
15-9-2023,211,SEO,118,it,basic,0,it,17-10-2021,tv,6191,1
18-1-2023,13,statistics,115,en,basic,2,uk,22-5-2022,pc,6151,3
16-4-2023,119,data_analysis,108,it,basic,1,it,25-8-2022,pc,2136,5
3-5-2021,149,full_stack,106,en,intermediate,2,uk,11-5-2020,mobile,6227,1
15-7-2023,140,statistics,107,it,basic,1,it,3-10-2021,pc,6167,2
20-2-2021,181,data_science,107,en,advanced,1,uk,9-12-2020,tv,3376,1
10-3-2022,165,statistics,105,it,basic,1,it,3-8-2020,tv,6175,3
2-6-2021,238,statistics,108,fr,intermediate,2,fr,16-9-2020,tv,6266,4
6-11-2023,162,UX,106,en,advanced,1,uk,6-9-2022,mobile,1354,5
28-10-2022,75,UX,114,fr,basic,1,fr,20-7-2021,tv,1113,3
21-6-2023,149,statistics,101,it,basic,1,it,11-5-2020,tv,6127,1
5-3-2022,220,SEO,114,fr,intermediate,2,fr,5-11-2021,tv,6258,4
27-7-2023,161,data_science,108,fr,basic,2,fr,23-10-2021,tv,3137,2
8-8-2022,120,UX,113,fr,basic,2,fr,23-9-2021,mobile,1154,4
1-6-2021,94,statistics,122,en,advanced,0,uk,24-3-2020,pc,6355,2
13-12-2023,35,copywriting,101,it,basic,1,it,19-7-2022,mobile,5192,3
8-2-2023,234,statistics,120,en,advanced,2,uk,19-11-2021,pc,6357,2
6-10-2023,55,data_science,102,en,basic,2,uk,28-11-2020,pc,3143,1
24-7-2023,182,SEO,108,en,advanced,1,uk,14-3-2020,tv,6341,4
3-2-2023,233,UX,109,it,intermediate,0,it,11-6-2021,mobile,1281,2
16-11-2022,39,statistics,105,fr,basic,2,fr,3-8-2020,pc,6193,3
8-2-2021,238,statistics,107,fr,advanced,1,fr,16-9-2020,tv,6365,1
1-6-2023,167,statistics,119,it,advanced,0,it,27-9-2022,tv,6315,1
2-5-2023,114,statistics,117,it,intermediate,0,it,8-7-2022,tv,6229,4
7-12-2023,174,data_analysis,116,en,basic,3,uk,12-2-2022,tv,2114,3
19-10-2023,35,full_stack,122,en,advanced,3,uk,19-7-2022,mobile,6325,3
7-6-2023,174,UX,118,en,advanced,3,uk,12-2-2022,mobile,133,5
21-4-2023,207,UX,112,en,advanced,0,uk,11-1-2020,tv,1356,4
4-9-2021,91,statistics,101,it,advanced,2,it,2-3-2020,mobile,6369,3
19-5-2022,121,statistics,110,en,basic,1,uk,3-11-2020,pc,6110,1
8-12-2023,234,statistics,103,fr,basic,1,fr,19-11-2021,mobile,6172,3
27-10-2023,37,data_analysis,109,en,advanced,3,uk,4-9-2021,mobile,2377,5
19-11-2023,142,data_analysis,103,it,basic,3,it,20-5-2022,pc,2145,5
18-8-2022,42,full_stack,110,it,basic,3,it,6-3-2021,tv,619,1
3-2-2023,82,data_science,112,it,basic,2,it,21-1-2022,mobile,3151,4
16-4-2023,47,statistics,109,it,basic,2,it,10-8-2022,pc,6126,2
22-3-2023,221,full_stack,110,en,basic,1,uk,25-4-2021,tv,6117,3
17-6-2023,183,statistics,110,fr,basic,3,fr,20-8-2021,tv,6194,4
12-7-2021,230,statistics,116,it,advanced,3,it,9-1-2020,pc,6356,3
27-12-2023,72,statistics,117,en,basic,2,uk,12-10-2022,pc,6151,4
12-7-2023,47,full_stack,100,en,basic,1,uk,10-8-2022,mobile,6151,3
25-4-2023,196,statistics,105,en,advanced,0,uk,4-6-2022,pc,6359,2
2-4-2021,121,data_analysis,103,it,intermediate,2,it,3-11-2020,tv,225,3
22-1-2023,103,data_analysis,113,en,intermediate,2,uk,25-3-2020,tv,2270,4
26-12-2023,8,statistics,108,it,advanced,2,it,23-4-2022,mobile,6354,3
17-7-2023,107,data_analysis,116,en,advanced,3,uk,14-11-2020,tv,2359,1
7-2-2023,136,data_science,101,it,intermediate,1,it,7-5-2021,tv,3274,5
18-8-2023,22,full_stack,115,it,advanced,1,it,25-1-2022,tv,6386,3
15-1-2021,55,UX,117,en,advanced,1,uk,28-11-2020,mobile,136,5
27-3-2022,175,statistics,112,en,basic,1,uk,27-2-2021,tv,6160,2
20-7-2023,154,data_science,106,it,basic,1,it,27-6-2022,mobile,3199,2
12-7-2023,88,data_science,106,it,intermediate,3,it,12-11-2022,tv,3279,5
4-10-2021,214,full_stack,107,it,advanced,2,it,24-3-2020,tv,6366,5
18-8-2023,56,statistics,113,en,advanced,3,uk,28-9-2020,mobile,6354,1
11-4-2023,12,full_stack,101,fr,basic,2,fr,21-8-2022,pc,6196,4
7-11-2022,136,statistics,122,it,advanced,0,it,7-5-2021,mobile,6331,4
26-11-2022,150,UX,111,it,advanced,0,it,1-4-2021,tv,1386,3
28-10-2021,187,data_analysis,118,en,intermediate,0,uk,3-5-2020,pc,2270,2
16-9-2022,164,statistics,101,it,advanced,3,it,20-2-2021,tv,6389,2
1-10-2022,87,statistics,114,en,basic,1,uk,12-9-2021,pc,619,4
17-3-2023,45,full_stack,122,it,intermediate,1,it,16-10-2022,pc,6243,4
12-8-2022,159,statistics,120,it,basic,1,it,21-6-2021,pc,6158,1
22-8-2023,13,statistics,119,fr,basic,1,fr,22-5-2022,pc,6189,1
24-10-2021,185,statistics,101,it,advanced,0,it,21-10-2020,tv,6364,1
15-8-2022,65,data_science,122,it,advanced,3,it,4-5-2020,pc,3376,1
19-7-2023,118,data_analysis,122,en,advanced,1,uk,27-4-2021,tv,2356,4
13-12-2023,177,data_science,112,it,basic,3,it,17-3-2022,tv,3152,4
21-7-2023,152,copywriting,112,en,advanced,1,uk,1-10-2021,pc,5335,5
8-4-2023,242,statistics,115,it,advanced,2,it,6-10-2021,tv,6362,2
14-2-2022,192,statistics,116,it,basic,2,it,1-5-2020,tv,6181,1
17-10-2023,134,statistics,106,en,intermediate,1,uk,20-11-2022,tv,6210,4
2-10-2022,173,SEO,112,it,intermediate,1,it,12-12-2021,pc,6287,5
13-7-2023,33,UX,114,fr,advanced,2,fr,2-7-2022,pc,131,4
8-1-2023,136,data_science,106,fr,advanced,1,fr,7-5-2021,pc,3321,2
6-6-2022,18,statistics,100,fr,basic,3,fr,14-12-2021,pc,617,3
4-6-2023,144,statistics,101,it,basic,2,it,13-4-2020,tv,6198,2
5-9-2023,70,statistics,118,fr,basic,3,fr,3-12-2021,tv,6126,5
1-6-2023,238,copywriting,104,it,advanced,1,it,16-9-2020,pc,5366,1
25-3-2021,206,statistics,117,it,basic,3,it,7-11-2020,mobile,6131,1
18-4-2021,103,full_stack,114,it,advanced,2,it,25-3-2020,pc,6385,2
26-11-2022,130,data_analysis,120,en,advanced,3,uk,10-2-2021,tv,2379,4
17-11-2022,16,statistics,114,it,basic,1,it,2-4-2020,pc,6113,2
27-9-2023,75,statistics,106,it,advanced,3,it,20-7-2021,tv,6342,1
14-4-2023,77,statistics,110,it,advanced,3,it,1-6-2020,mobile,6315,3
18-8-2022,139,statistics,112,it,advanced,2,it,28-3-2020,tv,635,1
24-1-2023,215,UX,119,en,advanced,1,uk,5-5-2022,pc,1323,4
28-10-2022,18,UX,113,en,advanced,2,uk,14-12-2021,pc,1360,5
16-10-2023,200,statistics,110,fr,advanced,0,fr,24-3-2022,mobile,6349,5
16-2-2023,2,statistics,101,it,advanced,2,it,6-1-2022,pc,6312,5
19-11-2022,130,copywriting,117,en,advanced,3,uk,10-2-2021,tv,5392,5
6-4-2023,133,data_science,115,it,basic,2,it,19-7-2022,tv,3133,5
7-5-2023,90,data_analysis,118,en,advanced,2,uk,13-3-2022,pc,2387,1
11-9-2022,224,UX,106,fr,advanced,2,fr,4-6-2020,tv,1378,5
15-3-2023,134,UX,103,it,basic,3,it,20-11-2022,pc,1135,5
16-1-2022,203,full_stack,103,it,basic,1,it,28-3-2021,tv,6183,2
9-5-2022,102,statistics,120,en,basic,2,uk,10-5-2021,tv,6119,2
15-9-2022,55,UX,101,en,intermediate,2,uk,28-11-2020,mobile,1233,1
22-1-2023,2,full_stack,113,it,intermediate,3,it,6-1-2022,mobile,6280,2
22-12-2023,50,statistics,111,it,advanced,1,it,18-2-2021,pc,6357,4
9-7-2022,166,UX,116,it,advanced,2,it,22-7-2021,pc,1367,3
27-8-2023,204,full_stack,106,it,advanced,0,it,27-7-2021,mobile,6341,3
5-1-2023,104,UX,114,fr,basic,1,fr,11-4-2022,pc,1122,5
5-9-2022,207,statistics,111,it,basic,2,it,11-1-2020,pc,6128,3
13-7-2022,23,statistics,102,en,intermediate,0,uk,20-9-2021,tv,6265,1
10-4-2023,143,copywriting,120,en,basic,0,uk,22-5-2022,pc,5189,1
20-4-2021,181,statistics,117,en,basic,3,uk,9-12-2020,mobile,618,4
21-11-2023,175,data_analysis,122,fr,intermediate,0,fr,27-2-2021,pc,2278,1
24-6-2022,60,data_science,112,en,basic,3,uk,10-11-2020,pc,3114,2
25-12-2021,48,data_science,100,fr,basic,2,fr,21-10-2020,tv,3124,3
2-2-2021,91,statistics,117,it,advanced,3,it,2-3-2020,mobile,6363,3
9-4-2023,239,data_science,114,it,advanced,3,it,4-2-2020,pc,3338,3
19-7-2023,62,data_science,118,it,advanced,3,it,3-9-2022,pc,3343,4
28-4-2023,155,UX,106,it,basic,0,it,19-12-2022,pc,1139,5
28-8-2022,48,data_science,114,en,advanced,1,uk,21-10-2020,mobile,3359,5
6-6-2023,14,data_analysis,116,en,advanced,0,uk,14-1-2021,pc,2329,1
23-9-2023,187,SEO,113,it,basic,2,it,3-5-2020,pc,6178,4
1-7-2023,213,UX,103,fr,basic,0,fr,24-9-2021,mobile,1171,2
4-6-2022,40,statistics,108,fr,basic,3,fr,8-9-2021,pc,6196,4
11-3-2023,208,copywriting,119,en,intermediate,2,uk,20-11-2022,pc,525,3
25-4-2023,57,UX,113,en,basic,2,uk,11-7-2020,tv,1175,4
13-5-2021,96,data_analysis,118,fr,advanced,3,fr,3-12-2020,pc,2370,4
22-8-2023,104,statistics,106,it,basic,0,it,11-4-2022,tv,6182,3
23-9-2023,47,UX,112,it,advanced,3,it,10-8-2022,mobile,1322,3
10-11-2023,124,statistics,122,fr,advanced,1,fr,14-9-2022,mobile,6312,5
6-10-2023,228,data_analysis,117,it,basic,2,it,23-5-2022,tv,2142,1
17-11-2021,19,UX,106,it,intermediate,3,it,12-4-2020,pc,1262,5
23-3-2023,206,statistics,122,it,advanced,3,it,7-11-2020,mobile,632,5
27-2-2023,196,SEO,100,it,advanced,0,it,4-6-2022,tv,6343,1
25-10-2023,54,statistics,112,en,basic,1,uk,2-5-2022,tv,6187,3
17-12-2023,21,statistics,111,it,intermediate,0,it,11-7-2021,pc,6274,3
28-10-2023,151,data_analysis,107,it,advanced,1,it,2-12-2020,mobile,2375,3
25-11-2021,6,data_science,107,en,intermediate,1,uk,14-9-2020,tv,3240,5
16-5-2023,133,statistics,102,en,basic,0,uk,19-7-2022,tv,6140,1
13-7-2021,115,full_stack,107,it,basic,1,it,8-1-2020,mobile,6152,3
13-11-2022,91,statistics,115,en,advanced,0,uk,2-3-2020,tv,6396,5
3-11-2023,11,copywriting,100,it,advanced,1,it,23-11-2020,tv,534,4
25-1-2023,201,data_analysis,108,fr,basic,0,fr,25-11-2022,pc,2120,3
18-11-2023,150,data_analysis,111,en,basic,3,uk,1-4-2021,mobile,2198,2
25-6-2022,159,full_stack,117,it,advanced,3,it,21-6-2021,pc,6322,3
5-4-2023,132,full_stack,117,en,advanced,1,uk,25-7-2022,mobile,632,4
12-6-2023,223,statistics,102,it,advanced,2,it,1-12-2020,mobile,6396,2
26-6-2022,113,data_analysis,107,it,intermediate,2,it,18-1-2021,tv,2278,4
27-11-2021,157,statistics,104,fr,intermediate,0,fr,12-2-2020,mobile,6261,5
21-1-2023,4,SEO,107,en,basic,2,uk,10-5-2022,tv,6156,1
25-9-2023,126,copywriting,108,it,advanced,3,it,2-3-2022,tv,5335,2
14-7-2023,74,UX,106,it,intermediate,3,it,4-7-2021,pc,1284,5
15-4-2023,55,statistics,110,it,basic,0,it,28-11-2020,mobile,6146,4
21-10-2023,13,copywriting,103,it,advanced,3,it,22-5-2022,pc,5313,2
11-7-2021,212,statistics,107,it,basic,2,it,27-2-2020,mobile,6152,5
5-4-2023,49,data_science,104,it,basic,0,it,24-10-2020,mobile,3182,1
24-1-2023,60,copywriting,115,fr,advanced,0,fr,10-11-2020,pc,5394,4
9-9-2022,224,statistics,104,it,basic,2,it,4-6-2020,pc,6121,2
1-5-2023,215,full_stack,106,it,advanced,2,it,5-5-2022,pc,6385,1
27-1-2023,86,full_stack,105,fr,advanced,3,fr,14-11-2022,pc,638,2
25-1-2021,67,SEO,117,en,advanced,1,uk,1-10-2020,tv,6357,1
9-2-2022,145,full_stack,109,fr,basic,2,fr,13-1-2020,pc,613,3
27-6-2022,242,data_science,120,en,basic,2,uk,6-10-2021,mobile,3114,1
16-2-2022,59,SEO,112,it,basic,2,it,25-6-2021,pc,6135,4
19-9-2022,85,data_science,113,en,intermediate,2,uk,28-3-2020,mobile,3226,4
6-9-2023,178,data_analysis,109,it,basic,1,it,15-6-2022,tv,2112,1
10-5-2023,87,SEO,114,it,advanced,3,it,12-9-2021,tv,631,2
16-9-2023,25,statistics,104,it,intermediate,2,it,28-10-2021,pc,6259,1
13-9-2023,225,UX,107,it,advanced,2,it,25-12-2020,pc,1315,4
17-9-2022,7,data_science,113,en,advanced,3,uk,1-9-2021,mobile,3354,4
3-7-2021,85,UX,121,en,advanced,2,uk,28-3-2020,pc,1380,3
7-10-2023,5,statistics,112,fr,advanced,1,fr,25-1-2022,mobile,639,5
12-8-2021,91,statistics,114,it,basic,3,it,2-3-2020,tv,6164,3
9-10-2023,130,data_science,121,it,basic,2,it,10-2-2021,tv,3116,2
11-2-2023,124,copywriting,119,it,basic,0,it,14-9-2022,mobile,513,1
1-7-2023,5,data_science,108,it,basic,3,it,25-1-2022,tv,3144,5
8-4-2023,36,statistics,101,en,intermediate,0,uk,7-2-2021,mobile,6238,2
2-3-2022,123,UX,119,fr,basic,2,fr,19-9-2021,pc,1126,2
14-8-2022,70,data_analysis,107,it,basic,2,it,3-12-2021,tv,2172,1
11-10-2023,135,data_analysis,111,it,advanced,3,it,16-8-2021,tv,2324,5
10-11-2022,70,UX,113,it,advanced,3,it,3-12-2021,pc,1316,1
6-2-2023,234,statistics,122,fr,basic,3,fr,19-11-2021,pc,616,5
1-4-2023,228,UX,102,fr,advanced,1,fr,23-5-2022,mobile,1333,5
12-10-2022,46,data_analysis,122,it,intermediate,3,it,8-5-2021,mobile,2281,3
12-9-2023,163,full_stack,105,en,advanced,2,uk,28-11-2022,tv,6379,2
11-9-2021,79,UX,100,it,basic,2,it,12-12-2020,tv,1147,5
1-1-2022,187,statistics,105,en,basic,2,uk,3-5-2020,pc,611,3
28-1-2022,170,statistics,119,fr,basic,0,fr,7-10-2021,tv,6195,2
22-3-2022,11,full_stack,109,it,advanced,0,it,23-11-2020,tv,6389,3
11-4-2023,106,statistics,111,it,intermediate,3,it,23-12-2022,mobile,6246,1
4-9-2023,8,data_analysis,104,it,advanced,2,it,23-4-2022,tv,2385,3
2-5-2023,72,statistics,105,fr,basic,3,fr,12-10-2022,pc,6179,3
18-10-2023,4,data_analysis,112,it,advanced,3,it,10-5-2022,tv,2351,5
3-5-2023,205,full_stack,119,it,basic,1,it,22-1-2021,tv,618,5
9-10-2023,48,data_analysis,116,en,intermediate,0,uk,21-10-2020,tv,2254,3
1-3-2022,171,statistics,106,en,basic,3,uk,9-8-2021,tv,6123,5
11-4-2023,184,UX,122,en,basic,2,uk,11-8-2022,pc,1138,3
17-11-2022,74,data_science,122,it,basic,2,it,4-7-2021,pc,3179,2
4-7-2023,51,statistics,108,it,basic,1,it,9-7-2022,mobile,612,1
20-8-2023,104,statistics,116,en,intermediate,2,uk,11-4-2022,tv,6224,5
20-1-2022,70,UX,113,it,intermediate,1,it,3-12-2021,tv,1212,1
2-7-2022,190,UX,117,en,intermediate,2,uk,28-6-2021,pc,1287,4
24-10-2021,223,statistics,109,fr,advanced,1,fr,1-12-2020,pc,6313,3
12-6-2023,217,data_analysis,108,en,intermediate,1,uk,7-2-2022,tv,2218,2
18-1-2023,126,statistics,118,en,intermediate,1,uk,2-3-2022,pc,6241,3
22-5-2023,210,UX,106,it,basic,3,it,24-9-2022,tv,1196,3
18-5-2023,33,statistics,122,it,advanced,0,it,2-7-2022,pc,6374,3
10-7-2023,44,data_science,107,en,advanced,2,uk,9-12-2020,pc,3385,3
17-11-2023,225,full_stack,116,en,basic,2,uk,25-12-2020,pc,6179,4
17-2-2021,225,statistics,109,fr,basic,1,fr,25-12-2020,tv,616,5
17-8-2022,123,UX,119,en,basic,1,uk,19-9-2021,tv,1194,2
23-11-2022,151,statistics,111,it,advanced,1,it,2-12-2020,mobile,6358,3
27-1-2023,43,data_analysis,113,it,advanced,1,it,14-9-2022,pc,2399,4
5-11-2022,218,SEO,104,fr,intermediate,2,fr,16-2-2021,tv,6230,4
24-4-2022,34,data_analysis,113,it,basic,1,it,10-12-2020,tv,2156,4
7-1-2023,208,statistics,110,en,advanced,3,uk,20-11-2022,mobile,6351,3
12-8-2022,113,statistics,118,fr,basic,3,fr,18-1-2021,pc,618,1
26-11-2022,41,statistics,114,en,intermediate,2,uk,1-8-2021,tv,6267,2
13-3-2023,197,SEO,112,fr,advanced,1,fr,8-8-2021,tv,6397,2
23-11-2023,231,statistics,114,it,basic,2,it,3-1-2022,mobile,6199,5
10-5-2023,78,UX,122,it,advanced,0,it,24-2-2021,mobile,134,4
5-7-2022,93,data_analysis,102,it,intermediate,3,it,4-7-2021,pc,2214,2
4-11-2022,232,data_analysis,115,it,basic,0,it,25-6-2021,tv,2174,5
18-9-2022,172,statistics,113,en,basic,3,uk,22-4-2020,tv,6133,3
8-7-2023,64,statistics,108,en,basic,0,uk,4-11-2022,pc,6148,5
19-9-2021,85,statistics,117,fr,advanced,2,fr,28-3-2020,pc,6344,2
13-9-2021,65,UX,101,it,advanced,0,it,4-5-2020,tv,133,5
15-7-2022,144,copywriting,116,it,advanced,1,it,13-4-2020,tv,5394,2
17-10-2023,65,data_analysis,109,it,basic,2,it,4-5-2020,tv,2112,2
27-6-2021,79,statistics,101,it,advanced,1,it,12-12-2020,mobile,6319,3
7-6-2021,56,data_analysis,122,fr,advanced,3,fr,28-9-2020,mobile,234,5
23-10-2023,154,data_science,107,it,basic,0,it,27-6-2022,mobile,3192,2
18-2-2022,110,statistics,108,en,intermediate,3,uk,6-1-2020,pc,6290,2
5-12-2023,86,full_stack,117,fr,basic,1,fr,14-11-2022,mobile,6126,2
13-8-2023,210,data_science,101,it,advanced,3,it,24-9-2022,pc,3347,2
12-7-2021,39,UX,115,fr,basic,3,fr,3-8-2020,mobile,111,2
10-6-2022,224,SEO,116,en,advanced,1,uk,4-6-2020,tv,6320,1
28-3-2023,210,UX,122,it,advanced,3,it,24-9-2022,tv,1346,4
5-9-2023,178,statistics,106,en,advanced,3,uk,15-6-2022,pc,6338,5
22-2-2023,168,UX,119,en,intermediate,2,uk,15-10-2022,tv,126,2
23-2-2022,183,copywriting,115,it,advanced,2,it,20-8-2021,tv,5346,1
17-10-2022,97,statistics,120,it,basic,3,it,21-5-2021,tv,6123,1
27-9-2022,222,statistics,106,it,basic,2,it,5-5-2021,mobile,6178,2
23-4-2022,173,data_analysis,102,fr,intermediate,0,fr,12-12-2021,mobile,2274,5
24-9-2022,173,data_analysis,113,it,advanced,0,it,12-12-2021,pc,2339,3
27-1-2023,56,UX,120,it,basic,3,it,28-9-2020,pc,1124,5
12-3-2023,228,statistics,114,it,intermediate,3,it,23-5-2022,tv,6265,2
18-1-2023,74,UX,107,it,advanced,3,it,4-7-2021,pc,1341,5
8-2-2023,219,data_science,110,en,advanced,1,uk,24-12-2021,tv,3319,2
2-10-2022,138,statistics,119,it,intermediate,3,it,6-4-2020,mobile,6297,5
4-10-2023,112,full_stack,120,it,basic,1,it,21-5-2021,pc,6143,1
5-3-2023,14,SEO,121,it,advanced,3,it,14-1-2021,mobile,6381,4
13-1-2023,10,UX,112,en,advanced,2,uk,5-8-2022,pc,1395,2
16-10-2023,45,data_science,111,en,advanced,2,uk,16-10-2022,mobile,3367,2
7-1-2023,141,statistics,121,it,advanced,0,it,23-5-2021,mobile,6345,2
15-6-2023,35,statistics,110,fr,advanced,2,fr,19-7-2022,tv,6343,1
21-8-2023,178,statistics,109,en,advanced,3,uk,15-6-2022,mobile,6378,2
18-8-2021,207,UX,121,it,advanced,2,it,11-1-2020,pc,1368,1
3-11-2021,239,UX,101,it,advanced,3,it,4-2-2020,pc,1394,4
13-7-2023,136,full_stack,105,it,advanced,3,it,7-5-2021,mobile,6373,4
10-11-2022,211,statistics,103,en,intermediate,3,uk,17-10-2021,tv,6226,4
26-3-2023,211,UX,102,it,basic,1,it,17-10-2021,tv,1178,3
26-6-2023,90,statistics,101,fr,basic,1,fr,13-3-2022,tv,6139,5
14-11-2022,232,full_stack,107,en,advanced,0,uk,25-6-2021,tv,6322,1
17-4-2023,72,SEO,121,en,advanced,0,uk,12-10-2022,pc,6340,3
11-6-2023,99,statistics,119,fr,advanced,1,fr,20-1-2022,mobile,6313,3
28-4-2023,143,statistics,112,en,advanced,3,uk,22-5-2022,tv,632,2
17-2-2022,26,copywriting,117,it,intermediate,3,it,20-7-2021,pc,529,3
20-7-2021,91,data_analysis,109,en,intermediate,0,uk,2-3-2020,pc,2224,1
15-2-2022,80,statistics,111,it,advanced,0,it,7-7-2021,pc,633,3
10-4-2023,195,full_stack,108,fr,intermediate,2,fr,9-12-2022,pc,6231,1
21-8-2023,196,SEO,115,it,basic,3,it,4-6-2022,pc,613,5
25-6-2021,103,data_science,122,it,advanced,3,it,25-3-2020,tv,3393,5
4-2-2023,183,statistics,102,it,advanced,3,it,20-8-2021,mobile,6355,4
22-7-2023,35,UX,102,fr,basic,0,fr,19-7-2022,tv,1190,5
5-3-2021,158,statistics,108,fr,advanced,2,fr,18-3-2020,tv,6318,1
9-12-2023,240,statistics,103,fr,advanced,0,fr,15-1-2021,mobile,6373,3
7-11-2023,52,data_analysis,100,en,basic,1,uk,15-3-2022,tv,2161,4
9-9-2022,218,data_science,122,fr,basic,1,fr,16-2-2021,pc,3152,5
9-3-2023,165,statistics,106,en,advanced,2,uk,3-8-2020,pc,6393,5
12-9-2023,159,statistics,103,fr,advanced,3,fr,21-6-2021,tv,6354,1
19-12-2022,3,statistics,121,en,advanced,2,uk,22-7-2020,tv,6316,1
24-7-2022,198,data_science,101,it,advanced,1,it,4-7-2021,tv,3368,4
12-9-2023,117,SEO,100,it,intermediate,1,it,13-7-2020,pc,6245,4
23-6-2023,233,statistics,102,it,basic,3,it,11-6-2021,mobile,6170,3
14-12-2023,45,statistics,113,fr,advanced,1,fr,16-10-2022,pc,6335,5
26-6-2023,69,full_stack,122,fr,advanced,0,fr,23-8-2020,mobile,634,3
22-4-2022,49,UX,121,en,intermediate,2,uk,24-10-2020,pc,1257,3
20-1-2023,134,data_analysis,103,it,basic,1,it,20-11-2022,tv,2133,3
22-6-2022,152,data_analysis,102,en,basic,3,uk,1-10-2021,tv,2167,3
23-6-2021,223,full_stack,118,fr,basic,1,fr,1-12-2020,tv,6110,4
5-1-2022,18,statistics,100,it,advanced,1,it,14-12-2021,pc,6312,3
23-2-2022,111,UX,111,en,basic,2,uk,1-9-2020,tv,114,4
7-5-2021,49,statistics,114,it,intermediate,1,it,24-10-2020,tv,6269,2
28-9-2023,236,statistics,106,en,basic,0,uk,19-5-2022,pc,6116,1
13-6-2023,242,data_science,108,it,advanced,3,it,6-10-2021,mobile,3313,4
2-6-2023,168,statistics,105,en,advanced,2,uk,15-10-2022,tv,6323,2
6-5-2023,221,SEO,101,it,advanced,1,it,25-4-2021,tv,6322,5
27-3-2022,73,UX,103,fr,basic,2,fr,14-11-2020,tv,1181,3
23-12-2023,65,data_analysis,122,it,intermediate,1,it,4-5-2020,pc,2279,4
7-3-2023,211,statistics,111,it,advanced,1,it,17-10-2021,mobile,6374,5
17-7-2023,177,UX,120,en,advanced,2,uk,17-3-2022,pc,1316,3
18-8-2022,130,full_stack,105,it,intermediate,3,it,10-2-2021,pc,6215,1
7-6-2022,235,data_science,118,it,basic,0,it,11-2-2021,pc,3192,5
17-8-2023,210,statistics,100,it,intermediate,3,it,24-9-2022,tv,6269,4
27-1-2023,137,data_analysis,111,it,advanced,0,it,1-3-2022,pc,2332,4
9-8-2022,120,data_science,119,en,intermediate,0,uk,23-9-2021,tv,3262,5
7-7-2023,231,SEO,114,it,basic,2,it,3-1-2022,mobile,6125,5
25-4-2023,141,statistics,118,it,intermediate,1,it,23-5-2021,tv,6255,5
13-5-2022,101,data_analysis,122,en,advanced,3,uk,6-5-2021,mobile,2341,4
20-8-2023,220,UX,110,it,intermediate,1,it,5-11-2021,tv,1265,2
3-4-2023,130,data_analysis,106,en,basic,2,uk,10-2-2021,pc,2129,2
10-4-2022,73,copywriting,104,en,intermediate,1,uk,14-11-2020,pc,5279,2
21-10-2022,238,UX,115,it,basic,2,it,16-9-2020,tv,1193,2
2-4-2022,61,statistics,121,it,basic,1,it,9-8-2020,mobile,6177,3
25-7-2023,170,SEO,119,fr,intermediate,3,fr,7-10-2021,tv,6235,2
24-6-2022,172,statistics,114,it,basic,1,it,22-4-2020,pc,6116,5
11-5-2022,230,full_stack,113,en,basic,1,uk,9-1-2020,tv,6157,4
2-6-2023,171,data_analysis,118,en,basic,3,uk,9-8-2021,tv,2122,4
20-10-2022,148,data_science,120,en,advanced,1,uk,24-4-2021,pc,3360,1
7-12-2022,9,copywriting,107,fr,intermediate,2,fr,21-3-2021,pc,5259,3
24-10-2022,189,statistics,107,it,basic,0,it,5-6-2021,mobile,6183,1
8-6-2023,108,data_science,107,it,intermediate,1,it,8-12-2021,tv,3236,5
25-7-2022,242,data_science,113,it,advanced,3,it,6-10-2021,mobile,3393,3
24-11-2022,80,data_analysis,106,en,basic,3,uk,7-7-2021,mobile,2181,1
18-4-2023,222,full_stack,109,it,basic,3,it,5-5-2021,tv,6170,5
18-6-2023,217,UX,105,it,advanced,0,it,7-2-2022,tv,139,5
27-2-2021,165,copywriting,112,fr,basic,2,fr,3-8-2020,pc,5155,1
20-8-2022,140,statistics,110,en,advanced,3,uk,3-10-2021,mobile,633,4
26-6-2023,47,data_analysis,101,en,basic,2,uk,10-8-2022,pc,2161,5
11-1-2023,74,copywriting,117,en,intermediate,1,uk,4-7-2021,tv,5276,2
21-10-2023,201,data_science,117,it,advanced,2,it,25-11-2022,mobile,3323,4
28-2-2023,72,data_science,104,it,basic,0,it,12-10-2022,tv,3192,2
9-10-2023,25,statistics,112,it,basic,2,it,28-10-2021,pc,6132,2
5-2-2023,65,UX,102,it,basic,1,it,4-5-2020,tv,1195,4
13-10-2023,133,statistics,114,it,basic,3,it,19-7-2022,tv,6125,5
27-6-2023,129,statistics,101,it,advanced,3,it,10-11-2022,mobile,6379,1
15-3-2023,13,data_analysis,120,it,advanced,2,it,22-5-2022,mobile,2316,2
13-4-2023,116,full_stack,114,fr,advanced,1,fr,9-10-2021,mobile,6319,4
11-10-2023,238,SEO,101,it,basic,3,it,16-9-2020,pc,6184,4
11-5-2022,160,statistics,115,en,advanced,1,uk,1-1-2021,tv,6376,3
20-10-2023,125,statistics,111,it,intermediate,0,it,17-4-2021,tv,6259,5
9-5-2022,222,statistics,111,en,advanced,1,uk,5-5-2021,mobile,6356,4
14-10-2023,114,SEO,100,it,basic,2,it,8-7-2022,tv,6152,1
7-10-2023,245,statistics,121,en,advanced,0,uk,28-11-2022,mobile,6374,2
3-4-2023,119,UX,121,it,advanced,1,it,25-8-2022,tv,1355,2
20-7-2023,96,full_stack,100,it,basic,0,it,3-12-2020,pc,614,4
21-10-2023,58,statistics,109,it,advanced,1,it,18-11-2021,pc,6376,4
18-2-2022,50,UX,101,it,basic,0,it,18-2-2021,tv,1165,3
5-3-2023,197,full_stack,103,en,basic,2,uk,8-8-2021,tv,6144,5
12-5-2022,189,data_analysis,112,it,basic,0,it,5-6-2021,tv,2124,1
20-8-2021,157,full_stack,115,fr,basic,3,fr,12-2-2020,mobile,6158,2
12-8-2023,179,full_stack,120,fr,advanced,3,fr,13-4-2022,pc,6388,4
21-2-2023,166,full_stack,114,it,advanced,0,it,22-7-2021,mobile,6353,5
26-11-2023,236,data_science,119,fr,advanced,1,fr,19-5-2022,pc,3373,2
11-10-2022,76,UX,119,en,advanced,2,uk,14-5-2020,pc,1363,1
16-3-2023,202,UX,103,en,basic,2,uk,4-2-2020,mobile,1197,5
3-4-2023,62,UX,119,fr,basic,3,fr,3-9-2022,pc,1168,5
27-2-2023,227,UX,114,it,advanced,1,it,17-2-2022,pc,1365,3
26-8-2023,114,data_analysis,110,it,basic,3,it,8-7-2022,pc,2198,3
28-9-2023,78,statistics,102,it,advanced,0,it,24-2-2021,pc,636,5
16-11-2021,65,data_science,108,en,advanced,3,uk,4-5-2020,pc,3394,1
20-1-2023,136,statistics,115,fr,advanced,1,fr,7-5-2021,pc,6391,4
3-6-2021,53,statistics,104,it,intermediate,1,it,8-10-2020,pc,6226,4
25-12-2023,122,statistics,113,fr,advanced,2,fr,17-12-2022,tv,6316,5
13-1-2023,77,full_stack,118,it,advanced,3,it,1-6-2020,tv,6316,1
25-11-2022,37,copywriting,106,fr,advanced,1,fr,4-9-2021,tv,5362,4
15-2-2023,223,UX,108,it,intermediate,0,it,1-12-2020,pc,1239,5
5-10-2023,26,data_analysis,101,it,advanced,1,it,20-7-2021,tv,2369,5
21-9-2021,49,UX,103,en,advanced,2,uk,24-10-2020,pc,1310,4
10-9-2022,175,statistics,103,en,advanced,1,uk,27-2-2021,pc,6335,5
24-12-2023,100,full_stack,103,it,advanced,0,it,2-2-2022,pc,6333,4
14-2-2023,57,copywriting,122,en,basic,2,uk,11-7-2020,tv,5125,3
26-2-2023,68,data_science,114,it,basic,1,it,14-12-2020,mobile,318,4
13-7-2022,233,UX,120,fr,advanced,0,fr,11-6-2021,tv,1355,1
17-9-2023,226,SEO,120,fr,basic,0,fr,4-10-2020,tv,6177,5
9-1-2022,118,statistics,103,en,advanced,0,uk,27-4-2021,tv,6353,5
13-12-2023,33,statistics,108,it,basic,2,it,2-7-2022,mobile,6169,5
16-1-2022,56,UX,122,fr,advanced,0,fr,28-9-2020,tv,1310,4
3-12-2021,225,statistics,117,fr,basic,0,fr,25-12-2020,pc,6153,5
2-9-2021,67,SEO,105,fr,advanced,2,fr,1-10-2020,mobile,6374,3
16-9-2021,181,UX,118,it,basic,1,it,9-12-2020,tv,1146,3
2-2-2023,28,statistics,106,en,basic,2,uk,1-6-2022,mobile,6182,4
12-3-2023,196,data_science,101,fr,advanced,0,fr,4-6-2022,pc,3392,4
11-10-2023,163,statistics,115,fr,advanced,1,fr,28-11-2022,pc,6388,4
18-4-2023,176,statistics,107,en,intermediate,0,uk,7-1-2021,mobile,6277,4
1-4-2023,90,statistics,108,en,intermediate,1,uk,13-3-2022,tv,6247,3
11-3-2021,69,data_analysis,109,en,advanced,3,uk,23-8-2020,pc,2375,2
15-3-2022,70,data_analysis,113,it,advanced,1,it,3-12-2021,pc,238,4
11-3-2022,205,statistics,116,en,basic,3,uk,22-1-2021,tv,6118,3
27-2-2022,102,SEO,113,it,advanced,1,it,10-5-2021,mobile,6345,3
1-10-2023,201,data_analysis,112,it,basic,3,it,25-11-2022,tv,2140,4
24-3-2023,75,statistics,104,it,intermediate,1,it,20-7-2021,tv,6295,3
5-2-2021,76,statistics,111,fr,basic,1,fr,14-5-2020,pc,6196,1
26-1-2023,109,full_stack,121,en,intermediate,2,uk,8-8-2022,tv,6294,5
1-2-2023,3,SEO,105,it,advanced,0,it,22-7-2020,tv,6390,2
21-10-2021,117,statistics,110,fr,intermediate,0,fr,13-7-2020,mobile,6250,5
13-4-2023,111,statistics,121,it,basic,3,it,1-9-2020,tv,6184,4
20-6-2022,34,data_science,109,fr,advanced,0,fr,10-12-2020,tv,3357,2
18-8-2021,158,data_analysis,121,fr,advanced,2,fr,18-3-2020,mobile,2337,1
1-4-2022,91,statistics,113,it,basic,3,it,2-3-2020,mobile,6143,3
28-9-2022,9,data_science,117,en,basic,0,uk,21-3-2021,mobile,3189,4
21-4-2022,14,UX,118,en,basic,3,uk,14-1-2021,tv,1122,1
9-1-2023,217,data_analysis,115,it,basic,1,it,7-2-2022,tv,2163,2
2-12-2022,187,statistics,104,en,advanced,0,uk,3-5-2020,tv,6357,5
11-6-2021,206,statistics,100,it,advanced,1,it,7-11-2020,tv,6396,2
14-12-2023,97,copywriting,118,fr,advanced,2,fr,21-5-2021,pc,5365,1
24-8-2023,71,statistics,113,fr,intermediate,0,fr,10-5-2021,pc,6290,3
21-2-2023,57,UX,119,it,advanced,1,it,11-7-2020,pc,138,2
5-9-2023,41,statistics,105,it,basic,2,it,1-8-2021,mobile,6159,3
22-7-2023,137,statistics,116,en,advanced,1,uk,1-3-2022,tv,6390,2
18-1-2023,82,full_stack,104,it,advanced,0,it,21-1-2022,tv,6398,5
23-6-2023,117,data_science,122,fr,basic,1,fr,13-7-2020,mobile,3139,4
15-8-2022,93,data_science,109,it,intermediate,1,it,4-7-2021,pc,3267,2
6-10-2023,135,statistics,112,it,advanced,2,it,16-8-2021,mobile,6354,1
21-4-2022,161,data_science,121,en,advanced,0,uk,23-10-2021,tv,3373,4
2-1-2023,220,statistics,121,en,advanced,0,uk,5-11-2021,pc,6331,1
12-12-2021,61,statistics,102,en,intermediate,3,uk,9-8-2020,pc,6219,2
2-1-2022,189,data_analysis,103,en,basic,2,uk,5-6-2021,pc,2153,5
21-10-2022,166,statistics,119,it,basic,3,it,22-7-2021,tv,6172,1
17-5-2021,56,statistics,118,fr,advanced,0,fr,28-9-2020,tv,6323,4
3-8-2022,108,data_science,101,it,basic,1,it,8-12-2021,pc,3119,4
13-11-2022,36,UX,107,fr,intermediate,0,fr,7-2-2021,tv,1279,2
1-1-2023,217,data_analysis,120,it,intermediate,1,it,7-2-2022,tv,2246,5
23-10-2023,186,UX,114,en,advanced,1,uk,12-8-2020,tv,1384,2
8-1-2021,121,data_science,114,it,advanced,2,it,3-11-2020,tv,3325,4
13-7-2023,210,UX,100,it,advanced,3,it,24-9-2022,pc,1394,3
11-7-2023,2,UX,113,it,intermediate,2,it,6-1-2022,pc,1287,4
5-12-2023,222,SEO,122,it,basic,2,it,5-5-2021,tv,6136,1
13-4-2022,130,SEO,110,it,advanced,0,it,10-2-2021,pc,6381,3
2-3-2023,37,data_science,119,it,advanced,2,it,4-9-2021,tv,3365,3
4-2-2021,24,full_stack,112,it,intermediate,3,it,9-9-2020,pc,6278,3
16-11-2023,85,copywriting,102,it,advanced,0,it,28-3-2020,tv,5394,1
21-1-2022,70,data_science,116,en,basic,0,uk,3-12-2021,pc,3158,3
10-6-2022,220,data_science,118,it,advanced,2,it,5-11-2021,tv,3332,2
22-11-2023,231,data_science,114,fr,advanced,3,fr,3-1-2022,tv,3367,2
1-5-2022,229,full_stack,119,en,advanced,2,uk,24-4-2021,pc,637,2
19-6-2023,46,UX,115,en,advanced,3,uk,8-5-2021,mobile,1398,5
3-6-2021,117,data_science,121,fr,advanced,2,fr,13-7-2020,tv,3388,5
8-2-2022,55,data_science,120,it,advanced,0,it,28-11-2020,tv,3323,4
3-6-2022,242,statistics,113,en,intermediate,3,uk,6-10-2021,tv,6275,4
19-10-2023,225,UX,121,it,advanced,2,it,25-12-2020,pc,1343,1
21-1-2023,164,data_science,109,fr,advanced,1,fr,20-2-2021,tv,3318,4
9-2-2023,141,statistics,118,fr,intermediate,1,fr,23-5-2021,tv,6217,2
28-3-2023,68,statistics,119,it,advanced,0,it,14-12-2020,pc,6321,5
1-6-2021,89,data_science,105,it,basic,0,it,2-1-2020,mobile,3187,5
5-7-2023,238,SEO,116,it,basic,2,it,16-9-2020,mobile,6133,4
26-10-2023,6,statistics,108,it,intermediate,3,it,14-9-2020,tv,6242,3
2-8-2023,70,statistics,101,en,basic,3,uk,3-12-2021,mobile,6196,1
17-1-2022,203,SEO,112,fr,intermediate,3,fr,28-3-2021,tv,6220,1
22-7-2022,125,UX,120,it,advanced,0,it,17-4-2021,pc,1332,2
2-7-2023,83,statistics,115,en,intermediate,3,uk,23-7-2020,pc,6287,1
5-6-2023,191,UX,104,it,intermediate,3,it,15-5-2021,mobile,1277,5
20-1-2021,48,copywriting,108,en,basic,3,uk,21-10-2020,tv,5138,4
8-1-2023,116,SEO,122,it,advanced,0,it,9-10-2021,mobile,6353,3
4-8-2022,118,statistics,119,fr,basic,0,fr,27-4-2021,tv,6191,5
11-12-2023,208,SEO,100,en,basic,2,uk,20-11-2022,tv,6161,5
1-1-2021,243,SEO,111,en,advanced,2,uk,24-8-2020,mobile,6322,2
16-8-2022,108,data_science,111,it,basic,3,it,8-12-2021,tv,3143,2
13-5-2023,147,data_analysis,122,en,intermediate,2,uk,21-2-2021,pc,2241,2
6-2-2021,214,statistics,120,it,advanced,2,it,24-3-2020,tv,6348,5
12-11-2022,107,data_science,113,en,basic,1,uk,14-11-2020,mobile,3163,4
23-3-2023,137,data_science,108,en,advanced,3,uk,1-3-2022,tv,3329,4
6-11-2023,38,data_science,107,fr,advanced,0,fr,2-1-2021,tv,338,1
18-5-2023,179,SEO,115,it,advanced,3,it,13-4-2022,mobile,6372,4
23-12-2023,51,full_stack,116,it,basic,3,it,9-7-2022,tv,6130,3
21-2-2023,201,UX,101,en,intermediate,3,uk,25-11-2022,tv,1290,5
24-11-2023,46,data_science,115,en,advanced,0,uk,8-5-2021,tv,332,1
17-2-2021,181,data_analysis,112,en,intermediate,3,uk,9-12-2020,tv,2210,3
8-10-2023,226,statistics,111,fr,advanced,3,fr,4-10-2020,tv,6327,4
17-8-2023,8,statistics,104,it,advanced,0,it,23-4-2022,pc,6375,5
12-4-2022,60,data_analysis,116,fr,advanced,2,fr,10-11-2020,mobile,2360,3
23-4-2022,108,statistics,111,en,intermediate,1,uk,8-12-2021,tv,6236,4
27-12-2023,116,statistics,102,it,advanced,3,it,9-10-2021,tv,6393,3
9-3-2023,55,data_analysis,100,it,intermediate,1,it,28-11-2020,tv,225,2
20-5-2021,61,copywriting,118,it,advanced,1,it,9-8-2020,tv,5331,5
9-5-2023,97,data_analysis,114,it,advanced,1,it,21-5-2021,pc,2313,5
2-5-2023,215,statistics,121,fr,advanced,0,fr,5-5-2022,tv,6317,3
11-5-2021,96,statistics,100,en,basic,3,uk,3-12-2020,pc,6124,3
21-10-2023,88,statistics,121,en,intermediate,0,uk,12-11-2022,pc,6259,2
18-6-2023,126,data_analysis,100,en,advanced,2,uk,2-3-2022,tv,231,3
6-9-2023,167,data_analysis,121,en,advanced,1,uk,27-9-2022,tv,2343,3
27-6-2023,90,statistics,119,fr,advanced,3,fr,13-3-2022,tv,6360,5
27-11-2023,245,data_analysis,104,fr,basic,1,fr,28-11-2022,mobile,2171,2
5-1-2023,90,statistics,116,it,advanced,0,it,13-3-2022,pc,6322,4
11-7-2022,229,statistics,102,it,advanced,3,it,24-4-2021,pc,6333,1
7-3-2023,179,statistics,120,it,intermediate,0,it,13-4-2022,tv,6221,3
19-1-2022,67,full_stack,110,fr,basic,0,fr,1-10-2020,pc,6130,5
19-5-2023,8,data_science,112,it,basic,1,it,23-4-2022,mobile,3146,4
21-5-2021,68,copywriting,111,fr,advanced,0,fr,14-12-2020,mobile,5341,5
6-2-2023,44,statistics,100,it,advanced,1,it,9-12-2020,tv,6359,3
19-10-2022,97,full_stack,101,it,advanced,0,it,21-5-2021,tv,6340,4
3-2-2023,217,full_stack,119,it,advanced,1,it,7-2-2022,tv,6318,4
9-3-2022,30,full_stack,100,it,advanced,2,it,23-1-2021,tv,6314,2
25-11-2023,208,copywriting,105,en,advanced,2,uk,20-11-2022,pc,5397,1
15-2-2021,60,statistics,110,en,basic,2,uk,10-11-2020,tv,615,3
26-6-2023,130,SEO,110,it,intermediate,3,it,10-2-2021,mobile,6267,3
12-12-2022,166,full_stack,110,en,advanced,1,uk,22-7-2021,tv,6338,4
15-1-2022,103,UX,118,it,advanced,3,it,25-3-2020,tv,1357,4
6-1-2023,181,SEO,118,en,basic,3,uk,9-12-2020,pc,6174,2
25-12-2023,189,data_science,120,en,advanced,3,uk,5-6-2021,mobile,3354,2
3-6-2022,65,UX,114,en,intermediate,0,uk,4-5-2020,pc,1228,3
13-10-2023,131,UX,108,en,basic,3,uk,26-3-2022,pc,1193,3
14-12-2022,136,data_science,104,it,advanced,0,it,7-5-2021,pc,3373,5
12-9-2022,50,data_analysis,100,en,advanced,1,uk,18-2-2021,pc,2324,1
18-7-2023,143,full_stack,113,en,advanced,0,uk,22-5-2022,pc,6331,2
6-7-2023,114,UX,117,fr,basic,3,fr,8-7-2022,mobile,1189,3
24-6-2023,168,full_stack,118,it,advanced,1,it,15-10-2022,mobile,6352,5
16-12-2023,105,statistics,110,it,advanced,1,it,25-1-2022,pc,6319,3
6-2-2023,121,copywriting,121,it,basic,2,it,3-11-2020,tv,5176,2
12-11-2023,67,data_analysis,109,it,intermediate,0,it,1-10-2020,mobile,2256,5
3-4-2021,94,copywriting,111,en,intermediate,2,uk,24-3-2020,tv,5214,2
10-1-2023,95,statistics,113,fr,intermediate,3,fr,10-3-2022,pc,6239,5
17-3-2023,106,data_science,110,en,basic,2,uk,23-12-2022,mobile,3147,2
19-8-2023,12,data_analysis,107,en,advanced,0,uk,21-8-2022,mobile,2374,1
16-8-2021,79,UX,118,en,advanced,2,uk,12-12-2020,tv,1343,1
2-6-2023,158,statistics,119,en,advanced,2,uk,18-3-2020,pc,6332,3
16-8-2021,202,statistics,107,it,advanced,1,it,4-2-2020,mobile,6317,3
7-11-2023,208,statistics,117,it,intermediate,2,it,20-11-2022,tv,6242,3
11-1-2022,66,UX,115,it,basic,0,it,19-3-2020,tv,1186,5
22-6-2023,156,copywriting,103,it,basic,1,it,18-2-2022,tv,5175,2
13-7-2023,162,statistics,119,en,intermediate,3,uk,6-9-2022,tv,6295,2
4-4-2023,41,UX,116,fr,intermediate,3,fr,1-8-2021,pc,1282,2
4-1-2023,23,UX,107,en,basic,2,uk,20-9-2021,pc,1167,2
20-4-2023,25,data_analysis,101,it,intermediate,1,it,28-10-2021,tv,2276,1
3-9-2022,11,copywriting,120,it,advanced,3,it,23-11-2020,pc,5391,3
19-2-2021,149,full_stack,105,en,advanced,2,uk,11-5-2020,pc,6386,2
22-12-2023,152,data_analysis,122,it,intermediate,1,it,1-10-2021,pc,2252,3
24-10-2023,236,UX,122,it,intermediate,1,it,19-5-2022,pc,1225,3
16-10-2023,138,data_science,110,it,basic,1,it,6-4-2020,pc,3162,3
22-6-2022,108,data_science,119,fr,advanced,1,fr,8-12-2021,tv,333,3
18-1-2021,214,data_analysis,104,en,basic,0,uk,24-3-2020,mobile,2160,5
3-4-2022,194,statistics,104,it,basic,0,it,21-8-2021,tv,6165,4
23-9-2022,78,statistics,110,en,advanced,3,uk,24-2-2021,pc,634,2
21-4-2023,88,SEO,101,it,basic,1,it,12-11-2022,mobile,6130,1
6-3-2023,30,SEO,112,en,advanced,3,uk,23-1-2021,tv,6369,4
25-1-2023,8,data_analysis,120,fr,basic,3,fr,23-4-2022,mobile,2175,3
25-2-2022,202,UX,106,it,advanced,3,it,4-2-2020,mobile,1331,4
24-5-2023,148,UX,106,en,advanced,3,uk,24-4-2021,tv,1353,2
6-10-2023,114,SEO,118,en,basic,2,uk,8-7-2022,tv,6175,5
5-4-2023,178,statistics,102,it,intermediate,3,it,15-6-2022,tv,6268,5
21-11-2022,57,statistics,103,en,intermediate,0,uk,11-7-2020,tv,621,4
3-12-2022,30,data_analysis,103,it,advanced,0,it,23-1-2021,tv,238,3
13-3-2021,3,data_science,113,it,intermediate,3,it,22-7-2020,mobile,3262,2
25-5-2023,83,statistics,121,it,advanced,1,it,23-7-2020,pc,6363,2
22-2-2022,19,statistics,103,en,advanced,2,uk,12-4-2020,tv,6373,1
21-4-2023,224,data_analysis,109,it,advanced,3,it,4-6-2020,pc,2310,5
1-12-2021,49,statistics,108,it,intermediate,1,it,24-10-2020,tv,6269,1
14-6-2022,169,copywriting,112,fr,intermediate,1,fr,16-6-2021,pc,5252,5
11-9-2021,65,UX,110,it,advanced,0,it,4-5-2020,pc,1346,2
12-1-2022,63,data_science,110,it,intermediate,1,it,27-2-2020,mobile,3236,5
4-8-2023,122,statistics,100,en,basic,2,uk,17-12-2022,mobile,6173,4
5-10-2023,173,statistics,104,it,advanced,2,it,12-12-2021,tv,636,3
19-1-2023,20,data_analysis,110,en,basic,3,uk,10-2-2020,pc,2135,4
22-6-2023,162,data_science,116,it,advanced,2,it,6-9-2022,pc,3345,5
28-9-2023,139,full_stack,115,en,advanced,3,uk,28-3-2020,tv,6360,3
22-9-2023,208,data_analysis,103,it,advanced,2,it,20-11-2022,tv,2329,3
8-2-2022,211,statistics,100,it,advanced,2,it,17-10-2021,tv,6389,3
2-1-2022,173,SEO,101,it,basic,2,it,12-12-2021,tv,6171,5
20-10-2022,214,data_analysis,120,it,basic,1,it,24-3-2020,tv,2143,2
13-5-2023,154,data_analysis,103,it,intermediate,1,it,27-6-2022,tv,2280,2
13-12-2021,73,data_science,119,fr,basic,3,fr,14-11-2020,tv,3187,1
25-10-2023,28,full_stack,120,fr,intermediate,1,fr,1-6-2022,tv,6222,2
10-10-2022,243,full_stack,102,it,advanced,2,it,24-8-2020,tv,6343,4
26-11-2023,134,statistics,121,it,intermediate,1,it,20-11-2022,mobile,621,3
5-8-2022,135,data_analysis,110,it,advanced,3,it,16-8-2021,pc,2363,4
19-4-2022,66,full_stack,101,fr,basic,3,fr,19-3-2020,tv,6112,2
24-9-2022,7,copywriting,107,en,basic,0,uk,1-9-2021,tv,5176,5
11-8-2023,69,statistics,120,en,basic,3,uk,23-8-2020,tv,6199,5
23-9-2022,243,statistics,109,it,basic,2,it,24-8-2020,tv,6165,3
25-5-2023,126,SEO,115,fr,intermediate,2,fr,2-3-2022,mobile,6260,1
8-2-2023,28,statistics,114,it,intermediate,3,it,1-6-2022,tv,621,4
6-5-2023,129,UX,107,en,advanced,2,uk,10-11-2022,pc,1342,4
21-10-2022,213,SEO,116,it,advanced,2,it,24-9-2021,tv,6365,2
21-6-2022,68,data_analysis,120,it,intermediate,0,it,14-12-2020,pc,2257,5
17-4-2022,113,data_science,121,it,intermediate,1,it,18-1-2021,mobile,3285,2
26-7-2023,54,statistics,117,en,advanced,2,uk,2-5-2022,pc,6382,3
5-2-2022,50,UX,115,fr,intermediate,3,fr,18-2-2021,pc,1273,3
12-7-2023,236,copywriting,122,fr,basic,3,fr,19-5-2022,mobile,5175,4
9-11-2021,77,UX,101,en,basic,2,uk,1-6-2020,pc,1164,3
16-9-2021,103,statistics,113,fr,intermediate,0,fr,25-3-2020,mobile,6262,1
26-9-2022,1,statistics,119,en,advanced,1,uk,20-5-2021,pc,6324,2
3-3-2023,4,full_stack,118,it,intermediate,2,it,10-5-2022,pc,6273,3
23-10-2023,241,UX,111,en,advanced,3,uk,11-5-2022,mobile,1333,3
7-5-2023,21,statistics,120,fr,advanced,2,fr,11-7-2021,mobile,6342,1
11-2-2023,31,data_analysis,111,en,intermediate,0,uk,7-9-2022,pc,2243,1
5-4-2023,91,SEO,120,it,basic,3,it,2-3-2020,tv,6180,3
21-5-2021,65,data_science,111,it,basic,2,it,4-5-2020,pc,3193,3
20-10-2022,87,statistics,104,it,advanced,0,it,12-9-2021,mobile,6351,4
27-12-2023,90,data_analysis,110,it,basic,3,it,13-3-2022,tv,2131,1
11-8-2022,181,data_analysis,106,it,advanced,3,it,9-12-2020,pc,239,2
22-6-2023,175,statistics,100,en,intermediate,0,uk,27-2-2021,mobile,6297,1
8-3-2023,217,statistics,122,it,advanced,3,it,7-2-2022,tv,6323,3
12-2-2021,181,UX,111,it,basic,0,it,9-12-2020,pc,1189,3
17-2-2023,188,full_stack,122,en,basic,3,uk,13-6-2022,tv,6164,5
4-6-2021,187,data_science,112,fr,advanced,1,fr,3-5-2020,tv,3374,1
11-10-2023,199,copywriting,117,fr,advanced,1,fr,27-7-2020,tv,5383,1
26-5-2023,140,data_analysis,117,it,advanced,0,it,3-10-2021,pc,2389,2
11-9-2023,52,statistics,117,fr,basic,2,fr,15-3-2022,pc,6155,2
5-5-2022,11,SEO,100,it,advanced,2,it,23-11-2020,pc,6345,4
22-8-2021,153,statistics,109,fr,intermediate,1,fr,14-6-2020,tv,6265,1
22-3-2022,193,statistics,122,it,advanced,0,it,14-11-2021,tv,6365,3
12-11-2023,154,data_analysis,117,fr,advanced,0,fr,27-6-2022,pc,2316,3
13-8-2023,33,statistics,113,fr,advanced,0,fr,2-7-2022,mobile,6378,2
25-9-2023,72,UX,115,it,advanced,1,it,12-10-2022,pc,1338,1
24-7-2023,126,data_analysis,106,it,advanced,1,it,2-3-2022,tv,2343,4
14-8-2023,6,copywriting,105,en,advanced,2,uk,14-9-2020,pc,5370,1
20-3-2022,166,statistics,111,fr,basic,0,fr,22-7-2021,tv,6181,4
3-5-2022,79,statistics,102,fr,advanced,0,fr,12-12-2020,tv,6389,2
20-3-2023,116,statistics,101,en,basic,1,uk,9-10-2021,tv,6145,5
5-10-2023,16,data_science,120,it,advanced,3,it,2-4-2020,mobile,3350,1
11-6-2023,229,data_analysis,105,en,advanced,2,uk,24-4-2021,mobile,2318,4
12-5-2022,75,UX,103,en,advanced,2,uk,20-7-2021,tv,1366,5
17-10-2023,125,UX,120,it,advanced,0,it,17-4-2021,pc,1340,1
26-11-2022,48,data_science,116,it,basic,1,it,21-10-2020,pc,3185,5
19-2-2022,232,data_science,117,fr,basic,0,fr,25-6-2021,pc,318,1
4-1-2023,189,UX,110,en,intermediate,2,uk,5-6-2021,tv,1299,3
25-1-2023,81,full_stack,115,en,basic,1,uk,23-8-2022,pc,6170,5
23-4-2023,1,statistics,119,fr,intermediate,0,fr,20-5-2021,mobile,6241,3
10-6-2023,194,full_stack,100,en,advanced,2,uk,21-8-2021,pc,6385,1
6-9-2021,181,data_science,105,en,advanced,2,uk,9-12-2020,tv,3310,4
27-7-2023,169,statistics,104,it,advanced,0,it,16-6-2021,tv,6379,4
22-3-2022,183,data_science,101,it,advanced,1,it,20-8-2021,pc,3370,5
15-10-2023,240,statistics,116,en,basic,2,uk,15-1-2021,pc,6114,5
13-6-2023,131,SEO,109,fr,intermediate,2,fr,26-3-2022,tv,6281,5
17-3-2022,66,data_science,111,it,advanced,1,it,19-3-2020,tv,3335,1
23-10-2023,167,statistics,113,en,advanced,3,uk,27-9-2022,pc,6388,1
8-10-2023,139,data_analysis,115,it,intermediate,2,it,28-3-2020,mobile,2268,1
7-6-2023,175,full_stack,117,en,advanced,2,uk,27-2-2021,pc,6353,2
18-9-2023,32,data_science,110,it,basic,1,it,7-3-2022,tv,3143,4
11-2-2023,74,statistics,100,it,basic,1,it,4-7-2021,pc,6138,5
14-5-2022,112,UX,116,en,basic,2,uk,21-5-2021,pc,1180,2
28-6-2021,6,data_analysis,100,en,advanced,1,uk,14-9-2020,tv,2326,4
1-12-2022,176,UX,109,it,basic,0,it,7-1-2021,pc,119,1
3-9-2023,31,SEO,102,en,intermediate,0,uk,7-9-2022,mobile,6260,3
20-2-2022,53,statistics,110,it,basic,1,it,8-10-2020,pc,6180,4
13-7-2022,92,statistics,111,fr,basic,3,fr,24-10-2021,pc,6155,1
17-2-2023,106,copywriting,103,it,advanced,2,it,23-12-2022,pc,5378,3
16-12-2023,220,data_analysis,100,it,basic,2,it,5-11-2021,mobile,2197,2
3-6-2023,236,statistics,107,it,basic,2,it,19-5-2022,tv,6170,3
12-4-2023,163,data_science,101,it,advanced,2,it,28-11-2022,pc,334,5
28-10-2022,79,data_analysis,115,fr,basic,1,fr,12-12-2020,tv,219,3
6-8-2023,110,full_stack,108,it,advanced,0,it,6-1-2020,tv,6397,4
13-6-2021,239,data_analysis,118,it,advanced,3,it,4-2-2020,mobile,2348,3
6-8-2021,66,UX,110,it,intermediate,0,it,19-3-2020,pc,129,3
1-5-2023,152,statistics,117,en,advanced,2,uk,1-10-2021,mobile,6327,3
7-11-2022,130,statistics,115,it,basic,0,it,10-2-2021,tv,6197,5
3-4-2021,63,statistics,107,it,basic,1,it,27-2-2020,tv,6131,4
16-2-2022,121,statistics,103,en,intermediate,2,uk,3-11-2020,mobile,6280,5
12-3-2023,174,UX,110,it,intermediate,1,it,12-2-2022,tv,1275,4
17-5-2023,15,data_analysis,108,en,basic,0,uk,13-5-2022,pc,2158,1
12-6-2023,194,data_analysis,119,en,basic,1,uk,21-8-2021,pc,2136,2
25-11-2022,70,data_science,117,fr,advanced,2,fr,3-12-2021,tv,3311,1
11-7-2023,179,copywriting,103,it,advanced,3,it,13-4-2022,tv,5389,2
22-12-2023,37,copywriting,108,fr,basic,3,fr,4-9-2021,pc,5120,2
18-4-2023,223,UX,113,it,basic,1,it,1-12-2020,pc,1146,4
10-5-2022,170,data_analysis,122,fr,basic,2,fr,7-10-2021,pc,2140,1
6-8-2023,36,SEO,118,en,advanced,1,uk,7-2-2021,mobile,6319,5
26-8-2022,49,full_stack,111,it,basic,0,it,24-10-2020,tv,6150,1
21-11-2023,42,data_analysis,114,it,advanced,3,it,6-3-2021,pc,2317,2
7-6-2023,70,SEO,116,it,basic,2,it,3-12-2021,tv,6142,1
8-8-2023,92,UX,114,it,advanced,3,it,24-10-2021,pc,1378,5
15-7-2023,26,statistics,122,en,intermediate,3,uk,20-7-2021,pc,621,5
13-5-2022,37,statistics,104,fr,intermediate,3,fr,4-9-2021,tv,6298,3
19-1-2023,231,data_science,104,it,intermediate,3,it,3-1-2022,pc,3259,3
7-2-2023,62,full_stack,116,it,basic,2,it,3-9-2022,pc,6133,5
8-9-2023,83,data_science,112,en,intermediate,3,uk,23-7-2020,pc,3281,3
13-3-2022,181,UX,112,fr,basic,1,fr,9-12-2020,pc,1197,2
17-12-2023,210,SEO,104,en,basic,3,uk,24-9-2022,pc,6197,2
18-2-2023,22,data_science,104,it,basic,1,it,25-1-2022,tv,3197,2
15-3-2023,62,data_analysis,104,fr,basic,0,fr,3-9-2022,pc,218,2
6-9-2023,216,statistics,119,fr,advanced,2,fr,8-10-2021,pc,6335,3
10-9-2022,128,full_stack,105,en,advanced,0,uk,26-1-2021,mobile,6353,5
26-3-2022,239,copywriting,110,en,advanced,1,uk,4-2-2020,pc,5396,5
23-7-2022,101,statistics,122,en,advanced,3,uk,6-5-2021,tv,6314,4
4-11-2021,69,UX,113,it,intermediate,2,it,23-8-2020,tv,1275,2
3-1-2023,220,data_science,101,fr,basic,3,fr,5-11-2021,tv,3113,1
27-1-2022,101,statistics,111,it,advanced,2,it,6-5-2021,tv,6349,3
13-12-2022,73,copywriting,104,en,advanced,2,uk,14-11-2020,tv,5393,2
6-5-2021,39,statistics,112,fr,advanced,1,fr,3-8-2020,pc,6344,4
17-10-2022,138,UX,100,fr,advanced,3,fr,6-4-2020,tv,1379,1
8-12-2023,132,copywriting,119,it,intermediate,2,it,25-7-2022,tv,527,5
18-10-2023,217,UX,118,it,advanced,1,it,7-2-2022,mobile,1310,2
22-12-2022,16,copywriting,115,fr,basic,2,fr,2-4-2020,pc,5181,4
8-5-2023,225,statistics,115,en,intermediate,2,uk,25-12-2020,mobile,6267,4
7-4-2022,213,data_analysis,111,it,advanced,3,it,24-9-2021,pc,2364,5
5-5-2023,236,full_stack,111,it,advanced,1,it,19-5-2022,tv,6394,4
10-7-2023,165,UX,106,it,basic,2,it,3-8-2020,tv,1196,2
9-2-2023,238,SEO,112,en,basic,2,uk,16-9-2020,tv,6169,3
23-11-2022,24,statistics,102,it,basic,0,it,9-9-2020,pc,6117,4
20-4-2023,22,SEO,108,en,advanced,0,uk,25-1-2022,mobile,636,5
23-6-2022,158,SEO,120,it,basic,0,it,18-3-2020,tv,6123,2
4-11-2023,66,data_analysis,120,fr,basic,2,fr,19-3-2020,mobile,2181,5
24-2-2022,83,statistics,104,en,advanced,3,uk,23-7-2020,mobile,6394,1
25-12-2023,35,statistics,113,fr,advanced,1,fr,19-7-2022,tv,6364,5
20-6-2022,235,data_analysis,104,en,intermediate,0,uk,11-2-2021,tv,225,3
6-1-2021,199,data_science,112,fr,advanced,0,fr,27-7-2020,tv,3337,2
24-5-2022,58,data_analysis,110,fr,advanced,3,fr,18-11-2021,pc,2372,3
10-6-2022,107,copywriting,113,en,intermediate,3,uk,14-11-2020,tv,5252,3
11-3-2023,123,SEO,106,it,advanced,3,it,19-9-2021,mobile,6357,2
21-8-2023,168,UX,113,fr,basic,3,fr,15-10-2022,tv,1115,3
17-2-2022,121,SEO,111,it,advanced,0,it,3-11-2020,tv,6330,3
21-12-2023,28,statistics,100,it,advanced,3,it,1-6-2022,mobile,6340,1
4-5-2021,96,data_science,117,it,intermediate,2,it,3-12-2020,pc,3281,5
4-5-2023,45,data_analysis,115,en,advanced,0,uk,16-10-2022,tv,2371,2
1-8-2021,153,statistics,114,en,advanced,3,uk,14-6-2020,tv,6375,2
21-1-2023,81,full_stack,106,fr,intermediate,1,fr,23-8-2022,pc,6299,3
18-8-2021,48,data_analysis,101,fr,basic,3,fr,21-10-2020,tv,2130,2
25-1-2022,211,copywriting,122,it,basic,0,it,17-10-2021,mobile,5147,5
17-4-2023,81,UX,122,en,intermediate,0,uk,23-8-2022,mobile,1210,3
18-6-2022,110,full_stack,119,it,advanced,0,it,6-1-2020,mobile,6395,5
24-3-2023,52,statistics,102,fr,advanced,2,fr,15-3-2022,mobile,6341,5
9-3-2023,235,data_analysis,106,en,advanced,2,uk,11-2-2021,tv,2318,1
25-5-2021,98,SEO,120,it,basic,3,it,26-9-2020,mobile,613,1
21-11-2022,229,statistics,119,fr,basic,0,fr,24-4-2021,mobile,6129,4
3-7-2022,225,statistics,109,it,advanced,3,it,25-12-2020,pc,6376,1
16-9-2023,233,statistics,104,it,advanced,0,it,11-6-2021,pc,632,1
21-10-2023,217,data_science,100,it,basic,3,it,7-2-2022,pc,3148,1
2-10-2021,55,data_analysis,115,it,advanced,3,it,28-11-2020,pc,2330,3
11-7-2023,31,statistics,116,fr,advanced,3,fr,7-9-2022,tv,6346,4
5-8-2022,212,SEO,110,en,basic,3,uk,27-2-2020,tv,6193,3
11-3-2023,40,data_analysis,100,it,basic,2,it,8-9-2021,mobile,2169,2
7-3-2023,32,data_analysis,103,fr,basic,2,fr,7-3-2022,tv,2146,3
27-2-2023,136,UX,106,it,basic,1,it,7-5-2021,tv,1172,2
3-12-2023,46,data_analysis,100,it,intermediate,0,it,8-5-2021,tv,2226,2
19-12-2022,176,UX,112,it,basic,3,it,7-1-2021,mobile,117,4
11-3-2022,160,SEO,119,en,advanced,3,uk,1-1-2021,pc,6383,1
10-8-2021,55,full_stack,117,en,basic,0,uk,28-11-2020,mobile,6196,1
6-1-2023,181,UX,122,it,basic,0,it,9-12-2020,pc,1117,4
2-11-2023,137,copywriting,107,en,basic,1,uk,1-3-2022,pc,5122,2
2-10-2022,79,statistics,118,it,advanced,1,it,12-12-2020,tv,6393,3
10-10-2023,178,UX,116,it,intermediate,0,it,15-6-2022,mobile,1271,5
8-2-2023,11,SEO,118,it,intermediate,3,it,23-11-2020,tv,6254,5
23-6-2023,185,UX,111,en,advanced,0,uk,21-10-2020,pc,1366,2
11-5-2022,55,UX,106,it,advanced,3,it,28-11-2020,pc,1384,4
21-2-2022,63,SEO,110,fr,advanced,2,fr,27-2-2020,mobile,6325,4
20-9-2023,1,full_stack,100,it,intermediate,2,it,20-5-2021,mobile,6221,3
11-10-2022,229,data_analysis,105,en,advanced,3,uk,24-4-2021,tv,2386,3
11-10-2021,212,UX,105,it,basic,1,it,27-2-2020,tv,1150,1
19-4-2022,89,statistics,111,it,basic,0,it,2-1-2020,tv,6174,5
25-4-2021,149,full_stack,107,it,basic,1,it,11-5-2020,mobile,6117,3
4-6-2021,139,statistics,112,it,basic,1,it,28-3-2020,mobile,6184,4
9-5-2023,2,data_analysis,108,en,intermediate,2,uk,6-1-2022,tv,2282,4
16-3-2023,124,data_analysis,112,fr,advanced,1,fr,14-9-2022,tv,2335,2
20-1-2023,163,data_analysis,110,en,advanced,0,uk,28-11-2022,pc,2396,2
9-2-2022,116,statistics,104,it,basic,1,it,9-10-2021,pc,6113,5
11-7-2023,86,UX,117,fr,advanced,1,fr,14-11-2022,mobile,1326,1
25-8-2023,193,statistics,112,it,basic,1,it,14-11-2021,mobile,617,5
5-1-2023,21,full_stack,113,it,advanced,0,it,11-7-2021,tv,6362,3
2-9-2023,40,statistics,122,fr,advanced,1,fr,8-9-2021,pc,6346,2
19-7-2022,176,statistics,102,it,basic,0,it,7-1-2021,tv,6198,1
28-12-2023,207,data_science,115,it,intermediate,0,it,11-1-2020,tv,3297,1
17-7-2023,99,statistics,112,en,advanced,3,uk,20-1-2022,tv,6378,3
1-8-2023,197,copywriting,109,it,intermediate,0,it,8-8-2021,pc,5289,4
27-1-2023,243,data_analysis,122,it,intermediate,1,it,24-8-2020,mobile,2255,2
1-4-2023,93,data_science,120,en,intermediate,1,uk,4-7-2021,mobile,3217,4
14-9-2021,158,statistics,105,it,advanced,0,it,18-3-2020,pc,639,5
20-8-2023,212,data_analysis,112,it,basic,1,it,27-2-2020,tv,2143,3
12-7-2022,148,statistics,115,en,advanced,3,uk,24-4-2021,tv,6317,5
16-8-2022,160,statistics,106,fr,advanced,2,fr,1-1-2021,pc,6399,2
12-10-2023,120,data_science,109,it,basic,2,it,23-9-2021,tv,3163,2
9-6-2023,15,data_analysis,122,en,intermediate,3,uk,13-5-2022,tv,2227,5
26-6-2023,200,data_science,106,it,basic,1,it,24-3-2022,pc,3167,1
16-12-2022,70,data_analysis,109,it,advanced,3,it,3-12-2021,tv,236,1
24-2-2023,239,statistics,106,it,basic,2,it,4-2-2020,pc,6152,3
14-4-2023,220,statistics,110,fr,basic,0,fr,5-11-2021,tv,6136,3
3-6-2023,94,data_science,120,it,intermediate,1,it,24-3-2020,mobile,3288,2
19-12-2023,167,UX,109,fr,intermediate,0,fr,27-9-2022,pc,123,3
5-8-2023,165,SEO,122,it,advanced,2,it,3-8-2020,pc,6344,3
25-10-2022,185,data_analysis,111,it,advanced,3,it,21-10-2020,pc,2320,5
6-4-2022,113,UX,118,fr,advanced,1,fr,18-1-2021,pc,1382,2
3-9-2023,188,UX,120,it,basic,2,it,13-6-2022,pc,1155,1
25-5-2023,72,full_stack,122,it,basic,1,it,12-10-2022,mobile,6178,1
13-11-2023,172,data_science,113,en,advanced,2,uk,22-4-2020,tv,3386,2
21-9-2023,174,data_science,120,en,basic,3,uk,12-2-2022,pc,3118,4
26-7-2022,30,statistics,105,en,advanced,3,uk,23-1-2021,mobile,6350,1
17-7-2021,68,data_science,112,it,advanced,1,it,14-12-2020,tv,3379,3
22-9-2023,10,statistics,119,fr,advanced,3,fr,5-8-2022,tv,6353,5
20-5-2022,183,statistics,110,it,advanced,0,it,20-8-2021,tv,6339,5
22-1-2022,25,full_stack,109,it,basic,1,it,28-10-2021,tv,6119,2
28-9-2023,165,data_science,110,en,intermediate,0,uk,3-8-2020,pc,3272,3
1-3-2023,33,UX,100,it,intermediate,1,it,2-7-2022,pc,1265,5
11-9-2023,222,statistics,103,en,advanced,3,uk,5-5-2021,mobile,6376,1
24-7-2022,96,statistics,107,en,basic,1,uk,3-12-2020,mobile,6154,3
12-7-2023,16,SEO,121,it,intermediate,2,it,2-4-2020,tv,6238,1
2-4-2023,62,full_stack,102,en,basic,1,uk,3-9-2022,tv,6191,5
25-1-2023,80,data_science,106,it,advanced,0,it,7-7-2021,tv,3388,3
7-2-2023,45,data_analysis,115,it,basic,1,it,16-10-2022,pc,2194,1
23-11-2023,219,statistics,119,en,advanced,0,uk,24-12-2021,pc,6320,4
17-5-2023,12,UX,100,it,advanced,1,it,21-8-2022,tv,1369,5
15-1-2023,236,statistics,121,en,advanced,1,uk,19-5-2022,pc,6326,5
25-12-2022,91,UX,107,fr,advanced,2,fr,2-3-2020,tv,1319,3
18-9-2023,168,UX,113,en,basic,2,uk,15-10-2022,pc,1190,2
13-6-2023,169,data_analysis,118,it,basic,2,it,16-6-2021,mobile,2191,5
15-10-2022,18,data_analysis,120,en,basic,0,uk,14-12-2021,pc,2186,4
22-12-2023,47,data_science,119,it,advanced,3,it,10-8-2022,pc,3377,3
2-1-2021,61,data_science,118,en,basic,1,uk,9-8-2020,tv,3138,2
12-11-2023,227,statistics,101,en,advanced,2,uk,17-2-2022,tv,6310,3
7-2-2023,7,SEO,113,en,intermediate,3,uk,1-9-2021,tv,6279,2
20-3-2023,51,UX,107,en,basic,2,uk,9-7-2022,pc,116,2
25-8-2023,183,statistics,119,en,basic,0,uk,20-8-2021,mobile,6139,3
2-6-2023,22,statistics,114,en,basic,0,uk,25-1-2022,pc,616,2
8-9-2023,16,statistics,107,it,advanced,3,it,2-4-2020,mobile,6371,2
12-4-2023,10,copywriting,118,en,intermediate,0,uk,5-8-2022,tv,5283,2
26-2-2023,237,statistics,121,en,basic,3,uk,23-3-2022,tv,6178,4
11-5-2022,138,data_science,111,it,intermediate,2,it,6-4-2020,pc,3244,3
2-11-2022,216,SEO,117,it,advanced,3,it,8-10-2021,pc,6317,1
17-6-2023,205,UX,109,it,basic,0,it,22-1-2021,tv,1142,1
21-9-2023,201,SEO,112,it,advanced,3,it,25-11-2022,tv,6396,5
15-12-2023,78,copywriting,106,it,advanced,2,it,24-2-2021,tv,5378,2
28-11-2023,59,statistics,102,en,intermediate,3,uk,25-6-2021,tv,6215,4
17-2-2023,99,SEO,107,en,basic,0,uk,20-1-2022,mobile,6181,2
19-6-2023,46,UX,116,it,intermediate,3,it,8-5-2021,mobile,121,4
18-1-2023,236,UX,113,en,basic,2,uk,19-5-2022,tv,1173,1
18-10-2022,36,UX,113,en,basic,1,uk,7-2-2021,tv,1135,4
11-1-2022,202,full_stack,107,fr,advanced,1,fr,4-2-2020,tv,6315,5
23-6-2023,227,statistics,113,en,intermediate,1,uk,17-2-2022,pc,6276,2
2-12-2021,24,UX,120,en,intermediate,0,uk,9-9-2020,mobile,1251,1
20-8-2023,30,statistics,105,fr,advanced,2,fr,23-1-2021,mobile,6386,3
27-5-2023,136,data_science,117,en,basic,1,uk,7-5-2021,pc,3164,2
1-1-2023,156,copywriting,114,it,basic,0,it,18-2-2022,pc,516,5
7-2-2023,233,UX,105,it,advanced,2,it,11-6-2021,tv,1334,5
10-4-2022,50,statistics,116,it,intermediate,1,it,18-2-2021,tv,6298,4
18-11-2023,71,data_science,120,fr,advanced,1,fr,10-5-2021,pc,3319,2
26-4-2023,70,data_science,102,it,advanced,1,it,3-12-2021,pc,3330,3
2-8-2022,224,statistics,105,it,intermediate,1,it,4-6-2020,tv,6221,2
14-4-2021,63,UX,103,it,advanced,1,it,27-2-2020,tv,1355,5
7-9-2023,85,copywriting,115,en,advanced,3,uk,28-3-2020,mobile,5375,3
20-3-2023,119,statistics,104,it,basic,1,it,25-8-2022,mobile,6169,1
27-2-2022,38,full_stack,106,it,basic,2,it,2-1-2021,tv,6131,2
7-4-2023,10,UX,106,en,basic,2,uk,5-8-2022,mobile,1127,1
6-1-2023,213,statistics,117,en,intermediate,1,uk,24-9-2021,pc,6248,2
18-6-2022,102,data_science,110,fr,intermediate,1,fr,10-5-2021,mobile,3255,4
24-2-2023,82,statistics,118,en,advanced,0,uk,21-1-2022,pc,6334,1
2-10-2023,31,data_science,117,fr,basic,3,fr,7-9-2022,pc,3127,1
3-3-2022,3,full_stack,116,it,advanced,3,it,22-7-2020,mobile,6336,4
28-7-2023,1,UX,104,it,basic,1,it,20-5-2021,tv,1122,2
11-4-2022,92,UX,119,fr,advanced,2,fr,24-10-2021,mobile,1317,3
13-5-2022,141,SEO,108,en,basic,1,uk,23-5-2021,mobile,6128,5
1-12-2022,18,full_stack,119,it,basic,3,it,14-12-2021,tv,6137,2
26-2-2023,210,copywriting,122,fr,intermediate,3,fr,24-9-2022,tv,5278,5
28-2-2021,110,statistics,102,en,intermediate,0,uk,6-1-2020,tv,6284,1
28-10-2021,185,full_stack,121,fr,intermediate,1,fr,21-10-2020,pc,628,5
21-11-2023,170,UX,108,en,basic,3,uk,7-10-2021,pc,1163,2
18-9-2023,242,statistics,117,it,basic,1,it,6-10-2021,mobile,6159,2
15-9-2023,122,copywriting,103,it,advanced,0,it,17-12-2022,tv,5399,3
25-6-2023,32,UX,112,it,intermediate,1,it,7-3-2022,pc,1259,1
7-6-2022,121,statistics,120,it,basic,0,it,3-11-2020,tv,6199,3
17-10-2023,15,copywriting,111,en,advanced,3,uk,13-5-2022,pc,5349,3
27-8-2023,37,SEO,109,fr,intermediate,3,fr,4-9-2021,tv,6283,5
13-8-2023,82,data_science,104,it,intermediate,2,it,21-1-2022,tv,323,4
25-3-2022,190,statistics,116,fr,advanced,2,fr,28-6-2021,pc,6375,1
15-4-2022,23,data_analysis,103,fr,basic,2,fr,20-9-2021,tv,211,5
9-11-2023,105,UX,116,fr,basic,2,fr,25-1-2022,pc,1139,5
5-12-2023,15,UX,115,fr,intermediate,0,fr,13-5-2022,tv,1297,2
22-8-2023,162,UX,122,it,advanced,1,it,6-9-2022,pc,1330,4
16-8-2023,72,statistics,116,en,basic,0,uk,12-10-2022,pc,6123,1
28-9-2023,95,statistics,104,fr,advanced,2,fr,10-3-2022,mobile,6384,2
20-6-2023,109,UX,116,fr,advanced,1,fr,8-8-2022,pc,1330,4
26-12-2023,126,data_science,105,it,advanced,3,it,2-3-2022,mobile,335,3
8-6-2023,130,full_stack,122,fr,advanced,0,fr,10-2-2021,tv,6393,3
28-4-2022,186,statistics,109,it,intermediate,0,it,12-8-2020,tv,6267,5
3-3-2022,207,statistics,101,fr,advanced,1,fr,11-1-2020,mobile,6320,4
11-1-2023,140,data_analysis,100,fr,basic,2,fr,3-10-2021,pc,2146,1
20-6-2023,136,copywriting,107,en,intermediate,2,uk,7-5-2021,tv,5226,2
16-4-2023,180,statistics,115,en,intermediate,3,uk,8-2-2021,mobile,6296,3
6-5-2023,196,data_analysis,119,en,basic,0,uk,4-6-2022,mobile,2187,1
6-1-2023,129,statistics,109,fr,intermediate,1,fr,10-11-2022,pc,6278,5
14-3-2023,193,UX,116,it,basic,0,it,14-11-2021,pc,1159,4
17-9-2023,32,statistics,117,en,advanced,3,uk,7-3-2022,tv,6328,1
24-6-2022,239,data_science,104,en,advanced,3,uk,4-2-2020,mobile,3345,2
26-7-2022,30,statistics,121,it,advanced,0,it,23-1-2021,tv,632,4
25-12-2023,201,data_analysis,102,en,basic,1,uk,25-11-2022,pc,2110,4
14-7-2022,202,data_science,101,it,advanced,0,it,4-2-2020,tv,3334,2
21-1-2022,140,statistics,105,en,basic,3,uk,3-10-2021,tv,611,3
7-2-2021,16,copywriting,120,it,basic,3,it,2-4-2020,tv,5149,5
19-10-2023,77,statistics,117,fr,basic,2,fr,1-6-2020,tv,6126,3
4-6-2023,112,UX,104,it,advanced,2,it,21-5-2021,pc,1345,4
17-4-2023,141,copywriting,107,en,basic,3,uk,23-5-2021,mobile,5190,3
25-2-2022,7,full_stack,108,fr,advanced,0,fr,1-9-2021,mobile,632,5
14-12-2023,47,UX,118,it,basic,0,it,10-8-2022,mobile,1149,2
16-3-2023,129,data_analysis,120,it,intermediate,3,it,10-11-2022,mobile,2252,3
25-8-2023,174,data_science,114,it,intermediate,0,it,12-2-2022,tv,3264,4
10-11-2021,61,statistics,104,it,intermediate,2,it,9-8-2020,tv,6252,5
1-4-2022,74,data_analysis,112,fr,advanced,2,fr,4-7-2021,pc,2375,2
20-12-2023,126,statistics,105,it,intermediate,0,it,2-3-2022,tv,6243,3
11-1-2021,138,SEO,122,fr,advanced,0,fr,6-4-2020,mobile,6331,2
18-1-2023,227,statistics,107,it,advanced,2,it,17-2-2022,tv,6378,1
27-6-2023,177,full_stack,103,it,advanced,2,it,17-3-2022,mobile,6341,3
6-11-2023,211,statistics,118,fr,intermediate,0,fr,17-10-2021,mobile,6298,4
23-5-2023,198,statistics,101,it,advanced,3,it,4-7-2021,tv,6315,3
10-4-2023,143,statistics,120,fr,advanced,2,fr,22-5-2022,pc,6358,1
22-6-2021,19,SEO,108,it,advanced,2,it,12-4-2020,pc,6327,5
22-10-2021,151,data_analysis,112,it,basic,2,it,2-12-2020,tv,2187,5
22-11-2022,173,statistics,121,it,basic,3,it,12-12-2021,tv,6165,3
21-6-2023,184,data_analysis,101,it,advanced,1,it,11-8-2022,tv,2332,2
25-9-2022,238,full_stack,100,en,advanced,1,uk,16-9-2020,pc,638,3
8-10-2023,28,data_analysis,113,it,basic,2,it,1-6-2022,mobile,2162,4
28-9-2023,112,statistics,113,fr,advanced,1,fr,21-5-2021,pc,6337,5
21-3-2023,114,UX,119,en,basic,1,uk,8-7-2022,mobile,1125,5
8-2-2022,161,data_analysis,121,it,basic,2,it,23-10-2021,tv,215,1
18-3-2022,55,UX,119,fr,advanced,0,fr,28-11-2020,tv,1324,3
28-11-2022,3,data_analysis,107,it,advanced,1,it,22-7-2020,mobile,2341,2
19-12-2022,147,copywriting,106,it,advanced,2,it,21-2-2021,tv,5336,3
9-2-2022,149,SEO,120,en,intermediate,1,uk,11-5-2020,pc,629,2
25-6-2021,146,copywriting,109,en,advanced,3,uk,26-4-2020,tv,534,4
9-8-2022,27,statistics,116,it,basic,3,it,12-1-2021,pc,6167,2
13-4-2021,138,SEO,119,fr,basic,0,fr,6-4-2020,pc,6165,3
27-2-2023,129,copywriting,106,en,basic,2,uk,10-11-2022,tv,5185,1
17-3-2023,214,data_analysis,102,fr,advanced,0,fr,24-3-2020,tv,2325,1
27-9-2022,50,statistics,113,it,basic,2,it,18-2-2021,tv,6190,1
19-7-2021,157,statistics,117,en,advanced,2,uk,12-2-2020,mobile,6355,5
19-6-2023,149,SEO,113,en,advanced,1,uk,11-5-2020,tv,6320,5
23-3-2023,1,data_science,111,it,intermediate,1,it,20-5-2021,pc,322,3
10-9-2021,223,copywriting,103,fr,advanced,2,fr,1-12-2020,tv,5349,1
24-4-2023,43,data_science,115,en,intermediate,3,uk,14-9-2022,tv,3213,4
26-4-2023,169,statistics,107,fr,advanced,1,fr,16-6-2021,pc,6322,5
17-1-2023,168,UX,105,it,basic,1,it,15-10-2022,tv,1177,4
8-7-2023,68,copywriting,105,it,intermediate,2,it,14-12-2020,tv,5254,3
14-6-2022,194,UX,111,it,intermediate,0,it,21-8-2021,tv,1242,4
21-11-2021,199,statistics,113,fr,advanced,1,fr,27-7-2020,pc,6330,2
19-8-2022,84,statistics,110,fr,intermediate,2,fr,9-6-2020,tv,6246,1
3-7-2023,6,statistics,112,it,advanced,2,it,14-9-2020,tv,6368,3
19-5-2022,7,full_stack,117,it,intermediate,2,it,1-9-2021,tv,6214,1
25-1-2022,130,statistics,111,fr,intermediate,3,fr,10-2-2021,pc,6269,5
27-11-2022,83,data_analysis,103,fr,advanced,3,fr,23-7-2020,pc,2369,2
17-12-2023,82,statistics,113,it,intermediate,2,it,21-1-2022,pc,6226,5
16-3-2023,64,statistics,101,en,basic,1,uk,4-11-2022,pc,6194,5
22-4-2022,235,statistics,122,it,advanced,1,it,11-2-2021,tv,6364,3
10-1-2023,210,data_science,114,en,advanced,3,uk,24-9-2022,mobile,3366,2
18-9-2022,96,data_science,121,fr,advanced,2,fr,3-12-2020,pc,3353,4
23-9-2021,19,copywriting,119,it,advanced,1,it,12-4-2020,pc,536,2
19-11-2023,18,data_analysis,120,fr,advanced,1,fr,14-12-2021,tv,2373,2
25-7-2023,80,UX,116,it,advanced,2,it,7-7-2021,pc,1359,1
8-8-2021,65,UX,121,it,advanced,1,it,4-5-2020,pc,1334,2
4-9-2023,35,UX,103,it,intermediate,0,it,19-7-2022,pc,1288,4
9-8-2023,105,statistics,114,en,advanced,0,uk,25-1-2022,tv,6338,1
9-10-2022,116,copywriting,112,en,basic,2,uk,9-10-2021,tv,5164,2
9-6-2023,238,UX,121,it,advanced,3,it,16-9-2020,pc,1338,3
18-7-2022,71,data_analysis,116,it,advanced,0,it,10-5-2021,tv,2344,5
24-1-2022,149,statistics,102,en,intermediate,2,uk,11-5-2020,tv,628,3
27-8-2021,192,full_stack,109,fr,basic,2,fr,1-5-2020,tv,6135,4
7-9-2022,225,SEO,119,it,basic,1,it,25-12-2020,pc,6134,4
2-12-2021,151,statistics,121,it,advanced,3,it,2-12-2020,mobile,6338,2
27-4-2023,74,SEO,101,en,advanced,2,uk,4-7-2021,pc,6392,4
14-2-2023,152,data_science,110,fr,advanced,2,fr,1-10-2021,mobile,3313,3
3-3-2023,213,SEO,101,it,intermediate,2,it,24-9-2021,tv,621,5
19-4-2023,118,full_stack,115,it,basic,3,it,27-4-2021,pc,614,4
17-1-2022,212,data_analysis,118,fr,advanced,1,fr,27-2-2020,tv,2349,2
9-11-2022,83,SEO,106,it,basic,0,it,23-7-2020,tv,6196,3
28-7-2022,203,UX,117,it,intermediate,3,it,28-3-2021,pc,1290,5
6-10-2022,138,data_science,100,it,intermediate,1,it,6-4-2020,mobile,3229,1
18-1-2023,123,statistics,100,fr,intermediate,2,fr,19-9-2021,tv,6275,5